transaction_id,date,product,category,quantity,unit_price,total_amount,customer_id
T-66460,2025-10-26,Smartphone,Electronics,1,1235.17,1235.17,C-613
T-36985,2025-12-01,Laptop,Electronics,1,811.99,811.99,C-477
T-27793,2026-01-02,Laptop,Electronics,5,386.67,1933.33,C-839
T-61713,2025-12-18,Headphones,Audio,3,777.48,2332.45,C-276
T-87924,2025-10-26,Laptop,Electronics,2,160.9,321.8,C-841
T-67996,2025-11-05,Smartwatch,Wearables,3,632.59,1897.78,C-966
T-80841,2025-10-19,Headphones,Audio,1,639.22,639.22,C-229
T-72671,2026-01-04,Tablet,Electronics,1,635.32,635.32,C-269
T-15643,2026-01-01,Smartwatch,Wearables,5,426.48,2132.4,C-502
T-20510,2025-11-10,Smartwatch,Wearables,5,1146.35,5731.76,C-643
T-92391,2025-11-16,Laptop,Electronics,1,1158.64,1158.64,C-258
T-78626,2025-10-30,Laptop,Electronics,4,1179.93,4719.72,C-192
T-70831,2026-01-09,Smartwatch,Wearables,1,1366.54,1366.54,C-517
T-63134,2025-12-15,Headphones,Audio,2,949.03,1898.06,C-744
T-15577,2025-11-15,Laptop,Electronics,2,171.54,343.08,C-556
T-22580,2025-12-31,Smartwatch,Wearables,1,1159.01,1159.01,C-826
T-53990,2025-11-30,Headphones,Audio,5,1127.35,5636.77,C-603
T-55864,2025-12-26,Tablet,Electronics,4,668.25,2673.0,C-198
T-35433,2026-01-13,Headphones,Audio,4,603.45,2413.8,C-539
T-46227,2025-12-05,Smartphone,Electronics,1,717.4,717.4,C-765
T-56767,2025-11-02,Smartphone,Electronics,2,310.79,621.58,C-218
T-97655,2025-11-21,Laptop,Electronics,4,392.39,1569.58,C-376
T-29134,2025-12-10,Smartphone,Electronics,2,248.6,497.21,C-163
T-65602,2025-11-04,Smartphone,Electronics,5,1317.72,6588.58,C-494
T-33363,2025-11-29,Tablet,Electronics,1,1196.51,1196.51,C-917
T-96738,2026-01-17,Tablet,Electronics,2,904.21,1808.43,C-219
T-38705,2025-11-09,Tablet,Electronics,5,1435.44,7177.22,C-189
T-39796,2025-11-01,Tablet,Electronics,4,726.99,2907.96,C-264
T-25675,2025-10-25,Tablet,Electronics,1,350.14,350.14,C-100
T-89200,2025-11-26,Headphones,Audio,3,547.71,1643.13,C-259
T-42686,2025-11-24,Tablet,Electronics,2,773.82,1547.65,C-647
T-83934,2026-01-02,Tablet,Electronics,3,559.26,1677.79,C-827
T-25242,2026-01-09,Laptop,Electronics,2,1490.25,2980.51,C-911
T-74833,2025-11-22,Laptop,Electronics,5,269.21,1346.06,C-481
T-52389,2025-11-02,Headphones,Audio,2,1032.79,2065.58,C-444
T-94601,2025-11-13,Smartwatch,Wearables,2,1447.96,2895.92,C-553
T-41723,2025-12-06,Headphones,Audio,4,1320.84,5283.37,C-329
T-48834,2025-12-04,Laptop,Electronics,1,1140.73,1140.73,C-131
T-51728,2025-12-04,Smartwatch,Wearables,5,1249.35,6246.75,C-506
T-41546,2025-12-31,Smartwatch,Wearables,1,946.59,946.59,C-724
T-94898,2025-11-22,Laptop,Electronics,3,770.11,2310.33,C-913
T-17691,2025-10-20,Laptop,Electronics,3,506.28,1518.85,C-391
T-54457,2025-10-21,Headphones,Audio,1,351.53,351.53,C-390
T-63095,2025-12-17,Smartwatch,Wearables,2,490.9,981.79,C-905
T-28634,2025-12-23,Smartwatch,Wearables,4,816.0,3264.02,C-808
T-68260,2025-12-03,Smartwatch,Wearables,3,110.21,330.64,C-257
T-88243,2025-12-24,Headphones,Audio,3,561.86,1685.59,C-170
T-70858,2025-11-14,Headphones,Audio,4,1098.29,4393.14,C-636
T-15370,2025-11-06,Smartwatch,Wearables,5,783.71,3918.57,C-760
T-94533,2025-10-18,Tablet,Electronics,3,1376.0,4128.01,C-646
T-20095,2025-12-27,Laptop,Electronics,5,716.06,3580.32,C-229
T-84487,2026-01-05,Smartwatch,Wearables,5,1450.36,7251.81,C-345
T-57481,2026-01-10,Laptop,Electronics,3,474.92,1424.76,C-776
T-33319,2026-01-17,Laptop,Electronics,4,1424.16,5696.65,C-471
T-76987,2025-11-01,Smartphone,Electronics,1,881.65,881.65,C-309
T-82027,2025-12-29,Laptop,Electronics,1,128.11,128.11,C-693
T-12923,2025-11-09,Tablet,Electronics,3,1210.54,3631.63,C-572
T-98619,2026-01-16,Tablet,Electronics,2,416.37,832.75,C-277
T-21374,2026-01-09,Headphones,Audio,1,1424.31,1424.31,C-199
T-31066,2025-10-14,Tablet,Electronics,2,1145.57,2291.15,C-853
T-67291,2025-11-07,Headphones,Audio,5,822.84,4114.18,C-199
T-86500,2025-10-22,Headphones,Audio,4,554.75,2219.0,C-482
T-81782,2026-01-18,Smartwatch,Wearables,5,194.52,972.58,C-833
T-64833,2025-11-05,Smartwatch,Wearables,2,951.48,1902.95,C-223
T-21524,2025-10-14,Headphones,Audio,3,1268.12,3804.37,C-865
T-99701,2025-11-24,Smartphone,Electronics,5,762.76,3813.81,C-730
T-21503,2025-10-25,Tablet,Electronics,4,198.6,794.39,C-195
T-21372,2025-12-27,Headphones,Audio,5,305.34,1526.68,C-180
T-37212,2025-12-15,Tablet,Electronics,2,802.04,1604.08,C-296
T-96855,2025-11-09,Laptop,Electronics,3,690.44,2071.33,C-601
T-86941,2026-01-01,Headphones,Audio,3,547.77,1643.3,C-404
T-95922,2026-01-08,Smartphone,Electronics,2,267.49,534.97,C-724
T-64206,2025-11-21,Smartwatch,Wearables,2,394.8,789.6,C-605
T-20250,2025-11-06,Tablet,Electronics,2,509.4,1018.8,C-289
T-53659,2025-12-14,Tablet,Electronics,1,928.83,928.83,C-654
T-82118,2025-12-06,Headphones,Audio,2,847.71,1695.42,C-418
T-78871,2026-01-01,Headphones,Audio,5,237.61,1188.07,C-797
T-43081,2026-01-14,Smartwatch,Wearables,1,601.27,601.27,C-213
T-11748,2025-12-11,Headphones,Audio,4,1498.26,5993.03,C-711
T-11092,2025-11-10,Smartphone,Electronics,4,187.29,749.18,C-955
T-21027,2025-12-06,Headphones,Audio,2,1186.65,2373.31,C-732
T-14784,2025-10-21,Smartphone,Electronics,5,599.13,2995.66,C-144
T-16966,2025-11-26,Smartphone,Electronics,3,173.23,519.7,C-934
T-22027,2025-11-10,Tablet,Electronics,5,980.29,4901.44,C-812
T-59903,2025-12-29,Smartwatch,Wearables,1,891.06,891.06,C-633
T-25567,2025-10-31,Smartwatch,Wearables,5,976.94,4884.69,C-735
T-51714,2025-11-16,Laptop,Electronics,5,434.51,2172.54,C-180
T-11239,2025-10-16,Laptop,Electronics,3,357.6,1072.81,C-508
T-19894,2025-10-23,Smartwatch,Wearables,2,304.76,609.53,C-536
T-92657,2026-01-03,Smartwatch,Wearables,3,564.64,1693.93,C-438
T-94350,2025-12-29,Smartphone,Electronics,2,1153.93,2307.86,C-127
T-54225,2025-12-31,Smartwatch,Wearables,5,489.92,2449.58,C-134
T-64186,2025-10-11,Smartwatch,Wearables,2,655.73,1311.45,C-314
T-58132,2025-12-22,Smartphone,Electronics,3,1289.92,3869.77,C-752
T-81622,2025-12-20,Smartphone,Electronics,5,152.7,763.52,C-260
T-80395,2025-11-25,Smartphone,Electronics,1,773.39,773.39,C-648
T-85445,2026-01-02,Smartphone,Electronics,5,387.78,1938.9,C-829
T-92438,2025-10-20,Smartphone,Electronics,2,288.17,576.34,C-945
T-51035,2026-01-03,Headphones,Audio,1,582.83,582.83,C-375
T-68979,2025-11-14,Tablet,Electronics,1,849.79,849.79,C-400
T-62437,2025-10-24,Smartphone,Electronics,5,998.44,4992.22,C-342
T-78893,2025-11-01,Smartwatch,Wearables,5,1349.34,6746.7,C-625
T-84893,2025-12-14,Smartphone,Electronics,1,670.14,670.14,C-390
T-34749,2025-12-18,Tablet,Electronics,3,792.65,2377.94,C-581
T-14648,2025-11-18,Smartphone,Electronics,5,862.96,4314.81,C-877
T-37509,2025-11-13,Smartphone,Electronics,2,430.52,861.04,C-407
T-69977,2025-10-26,Headphones,Audio,5,596.69,2983.47,C-765
T-21144,2025-10-11,Laptop,Electronics,5,515.78,2578.9,C-213
T-38003,2025-11-18,Smartwatch,Wearables,1,234.91,234.91,C-860
T-12596,2025-12-27,Tablet,Electronics,5,231.65,1158.24,C-127
T-55089,2025-12-07,Tablet,Electronics,1,214.32,214.32,C-611
T-10549,2025-12-16,Laptop,Electronics,1,62.13,62.13,C-983
T-97273,2025-10-13,Smartphone,Electronics,1,556.33,556.33,C-129
T-71821,2025-11-03,Headphones,Audio,5,518.06,2590.31,C-727
T-64441,2025-12-30,Laptop,Electronics,2,1154.82,2309.64,C-626
T-48906,2025-11-15,Smartphone,Electronics,4,250.78,1003.14,C-389
T-67476,2025-12-27,Headphones,Audio,5,1169.74,5848.72,C-689
T-71672,2025-10-22,Headphones,Audio,2,66.46,132.93,C-945
T-47712,2025-10-11,Smartwatch,Wearables,5,385.21,1926.04,C-841
T-88239,2025-11-01,Smartphone,Electronics,2,860.02,1720.03,C-440
T-96940,2026-01-15,Laptop,Electronics,1,384.23,384.23,C-696
T-80747,2026-01-01,Laptop,Electronics,5,1433.39,7166.97,C-481
T-39553,2025-11-15,Tablet,Electronics,1,964.44,964.44,C-853
T-85353,2025-12-16,Headphones,Audio,2,1243.71,2487.43,C-425
T-16672,2025-11-20,Tablet,Electronics,2,840.56,1681.12,C-984
T-56109,2025-12-16,Headphones,Audio,5,1340.61,6703.04,C-325
T-69807,2025-11-17,Smartwatch,Wearables,3,501.29,1503.87,C-646
T-60038,2025-12-17,Smartphone,Electronics,4,1426.48,5705.93,C-582
T-40642,2025-10-26,Tablet,Electronics,2,1248.52,2497.05,C-840
T-53413,2025-12-29,Tablet,Electronics,5,62.04,310.19,C-542
T-66727,2025-11-22,Laptop,Electronics,3,1414.55,4243.65,C-734
T-36888,2025-11-16,Smartphone,Electronics,4,656.2,2624.79,C-770
T-68045,2025-10-25,Tablet,Electronics,2,360.74,721.48,C-564
T-18267,2025-11-21,Laptop,Electronics,5,768.24,3841.21,C-175
T-25239,2025-12-29,Tablet,Electronics,1,1411.91,1411.91,C-742
T-48267,2025-12-16,Laptop,Electronics,4,176.94,707.75,C-236
T-84548,2025-11-23,Smartwatch,Wearables,1,593.29,593.29,C-748
T-45579,2026-01-06,Headphones,Audio,3,1113.99,3341.96,C-624
T-81679,2025-10-18,Tablet,Electronics,5,1490.83,7454.15,C-611
T-10843,2025-10-30,Smartphone,Electronics,3,925.62,2776.85,C-310
T-48901,2026-01-15,Smartwatch,Wearables,2,756.71,1513.42,C-445
T-24753,2025-12-17,Laptop,Electronics,2,813.99,1627.98,C-880
T-65852,2026-01-14,Laptop,Electronics,3,606.98,1820.94,C-322
T-50405,2025-10-21,Tablet,Electronics,4,98.76,395.05,C-392
T-59857,2025-11-19,Tablet,Electronics,5,800.78,4003.89,C-675
T-14854,2025-12-07,Headphones,Audio,4,740.2,2960.79,C-312
T-86071,2025-10-23,Laptop,Electronics,1,679.31,679.31,C-689
T-90047,2026-01-17,Smartwatch,Wearables,3,91.84,275.53,C-194
T-98959,2025-12-28,Headphones,Audio,2,66.05,132.11,C-892
T-64696,2025-10-27,Smartwatch,Wearables,1,391.61,391.61,C-314
T-92566,2025-12-11,Smartphone,Electronics,3,298.21,894.64,C-766
T-46321,2025-11-10,Headphones,Audio,4,1114.46,4457.85,C-535
T-66015,2025-11-06,Smartphone,Electronics,3,645.23,1935.69,C-901
T-89575,2026-01-14,Tablet,Electronics,4,775.27,3101.07,C-117
T-12797,2025-11-25,Laptop,Electronics,5,1329.38,6646.89,C-465
T-66200,2026-01-10,Smartphone,Electronics,2,1452.56,2905.11,C-355
T-54646,2025-12-11,Laptop,Electronics,1,1402.86,1402.86,C-959
T-46928,2025-10-30,Tablet,Electronics,5,938.29,4691.47,C-240
T-44984,2025-12-03,Headphones,Audio,4,131.02,524.08,C-967
T-71875,2025-12-05,Tablet,Electronics,4,1494.02,5976.09,C-118
T-60005,2025-11-15,Tablet,Electronics,2,711.96,1423.92,C-342
T-35906,2025-11-26,Tablet,Electronics,4,1171.68,4686.74,C-795
T-68499,2025-10-13,Smartphone,Electronics,1,704.39,704.39,C-447
T-28880,2025-11-03,Tablet,Electronics,3,424.48,1273.45,C-333
T-15225,2026-01-01,Tablet,Electronics,3,828.46,2485.37,C-950
T-37453,2025-11-15,Smartwatch,Wearables,5,1242.41,6212.04,C-411
T-99168,2025-11-05,Laptop,Electronics,5,174.43,872.14,C-801
T-38001,2026-01-06,Tablet,Electronics,2,1407.66,2815.32,C-626
T-80418,2025-11-21,Laptop,Electronics,1,1336.55,1336.55,C-736
T-44393,2025-11-12,Tablet,Electronics,1,356.9,356.9,C-270
T-55861,2025-11-26,Tablet,Electronics,4,572.69,2290.74,C-584
T-95674,2026-01-14,Smartwatch,Wearables,4,488.02,1952.09,C-737
T-16594,2025-12-04,Headphones,Audio,5,260.84,1304.2,C-300
T-18107,2025-12-31,Smartwatch,Wearables,4,1252.52,5010.08,C-814
T-40334,2025-12-08,Tablet,Electronics,1,771.03,771.03,C-998
T-90196,2025-12-16,Laptop,Electronics,5,957.6,4788.0,C-245
T-33069,2025-11-17,Headphones,Audio,2,1403.52,2807.04,C-812
T-66885,2026-01-15,Tablet,Electronics,2,1047.54,2095.09,C-169
T-92482,2025-11-12,Headphones,Audio,1,654.55,654.55,C-909
T-81815,2025-11-13,Headphones,Audio,2,237.6,475.19,C-629
T-59359,2026-01-04,Smartphone,Electronics,3,178.54,535.61,C-164
T-69838,2025-12-21,Headphones,Audio,5,1219.58,6097.92,C-487
T-31598,2025-12-11,Tablet,Electronics,5,1318.79,6593.96,C-777
T-32407,2026-01-17,Laptop,Electronics,5,868.86,4344.29,C-503
T-27970,2025-10-17,Laptop,Electronics,3,917.54,2752.61,C-295
T-70152,2026-01-17,Tablet,Electronics,2,779.76,1559.52,C-705
T-77617,2025-11-14,Headphones,Audio,2,951.38,1902.76,C-492
T-84242,2026-01-05,Headphones,Audio,2,1310.67,2621.34,C-999
T-75208,2025-10-26,Tablet,Electronics,4,1220.72,4882.89,C-808
T-98979,2026-01-08,Tablet,Electronics,2,267.29,534.58,C-579
T-94097,2025-12-26,Laptop,Electronics,4,691.98,2767.91,C-138
T-23090,2025-12-17,Tablet,Electronics,1,848.65,848.65,C-811
T-43934,2025-12-08,Headphones,Audio,1,667.64,667.64,C-145
T-18565,2025-12-18,Laptop,Electronics,4,748.35,2993.42,C-995
T-92280,2025-11-27,Laptop,Electronics,4,1174.2,4696.79,C-783
T-56091,2025-11-30,Smartwatch,Wearables,5,195.74,978.69,C-208
T-32088,2026-01-13,Smartwatch,Wearables,2,539.56,1079.13,C-193
T-15355,2025-11-24,Smartwatch,Wearables,2,734.45,1468.9,C-783
T-74036,2025-12-10,Smartwatch,Wearables,1,645.32,645.32,C-712
T-38027,2025-12-10,Smartwatch,Wearables,1,982.1,982.1,C-538
T-68710,2026-01-12,Headphones,Audio,4,1207.2,4828.8,C-780
T-61225,2026-01-09,Laptop,Electronics,2,619.85,1239.69,C-730
T-44339,2025-11-18,Smartwatch,Wearables,3,401.36,1204.08,C-870
T-56439,2025-11-25,Headphones,Audio,4,1198.79,4795.17,C-198
T-61888,2025-10-21,Laptop,Electronics,1,99.28,99.28,C-113
T-60293,2025-12-25,Headphones,Audio,2,720.93,1441.85,C-111
T-54176,2025-11-05,Headphones,Audio,1,720.36,720.36,C-212
T-12317,2026-01-18,Laptop,Electronics,3,103.78,311.35,C-247
T-11975,2025-11-07,Tablet,Electronics,1,275.17,275.17,C-332
T-25393,2026-01-18,Smartwatch,Wearables,4,350.59,1402.37,C-224
T-90269,2026-01-17,Tablet,Electronics,2,1189.03,2378.06,C-810
T-74709,2026-01-10,Headphones,Audio,3,611.07,1833.22,C-537
T-81621,2025-10-24,Smartphone,Electronics,2,474.8,949.6,C-647
T-63395,2025-12-08,Smartphone,Electronics,3,373.44,1120.33,C-802
T-32814,2025-12-01,Headphones,Audio,1,1232.49,1232.49,C-679
T-99398,2025-12-26,Tablet,Electronics,3,1072.01,3216.02,C-429
T-68076,2025-11-15,Headphones,Audio,3,1170.16,3510.48,C-947
T-74407,2025-10-31,Tablet,Electronics,3,1314.76,3944.28,C-522
T-21158,2025-10-28,Tablet,Electronics,4,602.03,2408.13,C-559
T-33251,2025-10-12,Smartphone,Electronics,2,626.6,1253.2,C-566
T-50060,2025-11-24,Headphones,Audio,4,1222.29,4889.18,C-531
T-62609,2026-01-12,Smartwatch,Wearables,2,1462.63,2925.27,C-783
T-99478,2025-12-18,Laptop,Electronics,4,1101.83,4407.33,C-111
T-89112,2025-11-06,Smartphone,Electronics,2,320.03,640.07,C-767
T-27958,2025-11-17,Tablet,Electronics,1,491.28,491.28,C-614
T-69645,2025-12-17,Tablet,Electronics,4,1023.68,4094.74,C-494
T-92147,2026-01-02,Smartphone,Electronics,4,808.74,3234.97,C-779
T-12378,2025-12-01,Smartphone,Electronics,2,798.48,1596.96,C-728
T-34931,2026-01-03,Tablet,Electronics,5,663.68,3318.4,C-476
T-22852,2026-01-03,Tablet,Electronics,5,268.71,1343.56,C-230
T-77888,2025-12-08,Tablet,Electronics,4,1455.88,5823.51,C-418
T-97764,2025-12-09,Smartphone,Electronics,2,671.08,1342.16,C-181
T-67564,2025-12-04,Smartwatch,Wearables,3,1045.85,3137.55,C-477
T-44131,2026-01-01,Smartphone,Electronics,4,1002.84,4011.36,C-531
T-20427,2025-12-31,Headphones,Audio,5,592.14,2960.69,C-459
T-51308,2025-10-24,Smartphone,Electronics,3,326.33,978.99,C-210
T-45704,2026-01-15,Headphones,Audio,3,357.39,1072.16,C-140
T-10574,2025-11-18,Laptop,Electronics,2,1269.9,2539.8,C-500
T-79624,2025-12-18,Smartwatch,Wearables,2,814.75,1629.49,C-685
T-99226,2025-11-29,Headphones,Audio,4,255.18,1020.74,C-799
T-77230,2025-10-13,Smartwatch,Wearables,4,748.79,2995.16,C-591
T-25398,2025-11-21,Laptop,Electronics,1,757.65,757.65,C-985
T-95868,2025-12-29,Tablet,Electronics,3,1488.47,4465.41,C-347
T-78685,2026-01-02,Tablet,Electronics,1,514.39,514.39,C-234
T-12640,2025-10-23,Smartwatch,Wearables,3,801.43,2404.3,C-607
T-62833,2025-12-01,Smartphone,Electronics,2,977.47,1954.95,C-740
T-13929,2025-10-30,Smartwatch,Wearables,5,455.74,2278.68,C-950
T-88520,2026-01-08,Smartwatch,Wearables,5,638.58,3192.91,C-540
T-44798,2025-10-20,Smartwatch,Wearables,2,518.82,1037.63,C-560
T-30609,2026-01-14,Tablet,Electronics,3,1443.69,4331.06,C-896
T-70104,2025-11-23,Smartwatch,Wearables,2,1094.82,2189.63,C-463
T-65783,2026-01-15,Smartphone,Electronics,4,773.99,3095.97,C-813
T-17606,2025-10-25,Headphones,Audio,1,339.8,339.8,C-557
T-73317,2025-12-03,Laptop,Electronics,4,189.56,758.26,C-535
T-42154,2025-10-11,Smartphone,Electronics,3,1203.03,3609.08,C-888
T-73354,2025-10-26,Tablet,Electronics,2,559.69,1119.38,C-372
T-75995,2025-10-20,Smartwatch,Wearables,3,1060.13,3180.38,C-955
T-87127,2025-12-16,Smartwatch,Wearables,5,743.82,3719.12,C-962
T-85552,2025-11-10,Smartwatch,Wearables,2,1293.39,2586.78,C-239
T-62345,2025-10-11,Smartwatch,Wearables,2,445.18,890.36,C-389
T-34496,2025-11-24,Laptop,Electronics,1,1189.1,1189.1,C-427
T-86428,2025-12-12,Headphones,Audio,5,669.51,3347.57,C-149
T-45413,2026-01-17,Laptop,Electronics,5,1430.0,7149.99,C-798
T-16258,2025-11-13,Smartwatch,Wearables,2,939.66,1879.33,C-708
T-45797,2025-11-20,Smartwatch,Wearables,1,785.92,785.92,C-865
T-80402,2025-11-09,Tablet,Electronics,4,734.59,2938.36,C-783
T-89281,2026-01-15,Tablet,Electronics,3,970.83,2912.48,C-102
T-59361,2026-01-14,Smartphone,Electronics,4,1305.74,5222.96,C-903
T-36912,2025-12-28,Laptop,Electronics,2,1454.27,2908.55,C-623
T-99392,2026-01-12,Headphones,Audio,5,1385.44,6927.2,C-440
T-12487,2025-11-24,Headphones,Audio,2,943.99,1887.98,C-903
T-97581,2025-12-28,Tablet,Electronics,4,1470.53,5882.12,C-822
T-44017,2025-11-19,Smartphone,Electronics,2,721.24,1442.49,C-325
T-93186,2025-12-18,Tablet,Electronics,1,179.42,179.42,C-834
T-36638,2025-10-31,Tablet,Electronics,2,1016.21,2032.41,C-708
T-34492,2025-12-24,Laptop,Electronics,2,552.01,1104.03,C-399
T-41257,2025-10-19,Tablet,Electronics,3,976.99,2930.96,C-451
T-41242,2025-10-21,Headphones,Audio,3,311.81,935.42,C-746
T-87427,2025-12-02,Tablet,Electronics,5,505.26,2526.29,C-488
T-55939,2025-12-27,Headphones,Audio,1,62.6,62.6,C-149
T-17311,2026-01-10,Smartwatch,Wearables,2,123.93,247.87,C-453
T-10441,2025-12-06,Headphones,Audio,5,1443.65,7218.26,C-249
T-89664,2026-01-04,Headphones,Audio,1,625.71,625.71,C-381
T-41537,2025-12-28,Tablet,Electronics,5,729.87,3649.36,C-264
T-47263,2025-12-26,Headphones,Audio,2,1343.45,2686.9,C-223
T-19641,2025-11-02,Tablet,Electronics,3,1440.79,4322.37,C-569
T-14678,2025-12-21,Tablet,Electronics,3,674.66,2023.97,C-682
T-67014,2025-10-17,Tablet,Electronics,5,315.5,1577.51,C-870
T-51227,2026-01-07,Laptop,Electronics,4,1451.6,5806.41,C-313
T-78396,2025-11-20,Smartwatch,Wearables,5,1178.46,5892.28,C-962
T-71989,2025-12-10,Smartwatch,Wearables,3,1338.54,4015.63,C-536
T-43264,2025-11-21,Tablet,Electronics,1,917.15,917.15,C-163
T-96726,2025-11-20,Laptop,Electronics,5,1041.24,5206.22,C-683
T-64076,2025-11-22,Laptop,Electronics,1,515.41,515.41,C-305
T-68194,2025-10-22,Smartwatch,Wearables,4,1308.96,5235.82,C-496
T-34912,2025-12-25,Smartphone,Electronics,3,372.53,1117.58,C-401
T-97177,2025-11-13,Tablet,Electronics,2,691.94,1383.89,C-165
T-71617,2026-01-11,Smartphone,Electronics,2,1045.85,2091.69,C-935
T-74523,2025-10-31,Smartwatch,Wearables,1,1427.76,1427.76,C-145
T-62268,2025-12-04,Headphones,Audio,4,1033.65,4134.6,C-611
T-66874,2025-12-11,Laptop,Electronics,3,763.61,2290.82,C-354
T-84729,2025-10-24,Smartphone,Electronics,1,1025.61,1025.61,C-420
T-40116,2025-12-03,Smartphone,Electronics,1,636.67,636.67,C-338
T-61511,2025-10-24,Laptop,Electronics,1,872.26,872.26,C-908
T-10497,2025-12-07,Tablet,Electronics,1,812.42,812.42,C-395
T-49096,2025-11-17,Tablet,Electronics,1,736.32,736.32,C-227
T-41982,2025-10-31,Laptop,Electronics,2,618.06,1236.12,C-572
T-24139,2025-10-26,Smartwatch,Wearables,2,166.09,332.17,C-602
T-41647,2025-11-22,Smartphone,Electronics,3,1228.41,3685.24,C-427
T-94438,2025-12-26,Headphones,Audio,1,1209.44,1209.44,C-944
T-89304,2025-11-15,Laptop,Electronics,3,685.84,2057.52,C-505
T-42310,2025-11-14,Tablet,Electronics,2,1346.51,2693.02,C-690
T-69506,2025-10-25,Smartphone,Electronics,5,822.8,4114.0,C-624
T-22936,2025-11-05,Smartphone,Electronics,1,125.51,125.51,C-105
T-30894,2026-01-13,Smartphone,Electronics,1,497.81,497.81,C-292
T-36831,2025-12-02,Smartwatch,Wearables,5,1134.21,5671.06,C-224
T-15439,2025-12-20,Tablet,Electronics,2,1487.35,2974.7,C-217
T-42608,2025-11-21,Smartphone,Electronics,5,62.14,310.7,C-183
T-97280,2025-11-26,Smartphone,Electronics,3,1067.28,3201.85,C-336
T-76972,2025-11-28,Tablet,Electronics,4,1061.37,4245.5,C-872
T-67541,2025-10-16,Laptop,Electronics,5,450.85,2254.26,C-972
T-68320,2025-11-29,Smartphone,Electronics,3,164.29,492.87,C-603
T-11539,2025-10-12,Smartphone,Electronics,1,431.92,431.92,C-932
T-72538,2025-12-28,Tablet,Electronics,3,740.99,2222.98,C-553
T-14859,2026-01-14,Laptop,Electronics,5,563.4,2817.0,C-434
T-73107,2025-10-20,Smartphone,Electronics,1,558.29,558.29,C-833
T-96282,2025-11-26,Tablet,Electronics,5,124.43,622.16,C-580
T-84592,2025-10-22,Smartwatch,Wearables,4,114.76,459.02,C-702
T-94461,2025-12-17,Laptop,Electronics,4,710.28,2841.12,C-461
T-84964,2025-12-01,Laptop,Electronics,5,1012.73,5063.66,C-773
T-28985,2025-11-28,Smartphone,Electronics,4,1086.65,4346.62,C-379
T-11857,2025-12-25,Headphones,Audio,2,249.91,499.83,C-631
T-67920,2025-11-28,Smartphone,Electronics,5,140.93,704.66,C-566
T-17784,2025-10-12,Tablet,Electronics,4,51.48,205.91,C-214
T-85624,2025-10-14,Laptop,Electronics,3,406.44,1219.32,C-579
T-96591,2025-12-29,Smartphone,Electronics,1,600.6,600.6,C-605
T-86398,2026-01-12,Tablet,Electronics,1,616.48,616.48,C-749
T-59671,2025-11-20,Headphones,Audio,5,110.58,552.91,C-741
T-45296,2025-10-21,Headphones,Audio,2,228.93,457.87,C-779
T-73540,2025-12-08,Headphones,Audio,3,422.01,1266.03,C-687
T-37305,2025-12-11,Laptop,Electronics,5,768.18,3840.89,C-659
T-11128,2025-10-20,Laptop,Electronics,1,1306.4,1306.4,C-939
T-41043,2025-11-07,Smartwatch,Wearables,1,296.03,296.03,C-344
T-61812,2026-01-18,Tablet,Electronics,1,1229.08,1229.08,C-803
T-18662,2025-11-12,Tablet,Electronics,4,1285.86,5143.44,C-105
T-36255,2026-01-15,Headphones,Audio,4,862.63,3450.51,C-635
T-40541,2025-12-01,Smartwatch,Wearables,4,639.0,2555.99,C-945
T-70453,2025-11-12,Smartwatch,Wearables,4,267.36,1069.44,C-645
T-93586,2025-12-07,Tablet,Electronics,3,285.5,856.51,C-691
T-43865,2025-12-12,Smartwatch,Wearables,5,104.21,521.07,C-951
T-59103,2025-10-17,Smartwatch,Wearables,4,470.19,1880.77,C-646
T-94340,2025-11-30,Smartwatch,Wearables,4,952.79,3811.16,C-160
T-91828,2025-12-31,Smartphone,Electronics,5,1201.59,6007.97,C-945
T-26079,2025-11-25,Smartphone,Electronics,5,336.87,1684.36,C-275
T-67620,2025-10-25,Headphones,Audio,4,713.92,2855.67,C-145
T-36641,2025-11-19,Headphones,Audio,1,1006.38,1006.38,C-157
T-77154,2025-12-18,Tablet,Electronics,5,477.51,2387.55,C-315
T-50808,2025-11-13,Tablet,Electronics,3,504.11,1512.34,C-272
T-77755,2025-10-26,Smartphone,Electronics,1,716.46,716.46,C-205
T-47955,2026-01-03,Smartphone,Electronics,5,1232.75,6163.77,C-872
T-90550,2025-12-17,Laptop,Electronics,2,250.18,500.35,C-812
T-65597,2026-01-08,Headphones,Audio,5,833.6,4167.99,C-844
T-96026,2025-10-19,Smartwatch,Wearables,4,940.48,3761.9,C-682
T-65513,2025-11-02,Laptop,Electronics,4,1176.13,4704.53,C-185
T-85386,2026-01-13,Laptop,Electronics,2,101.43,202.87,C-466
T-56148,2025-12-31,Tablet,Electronics,3,313.53,940.6,C-707
T-26711,2025-12-31,Headphones,Audio,3,889.37,2668.11,C-379
T-88037,2025-11-30,Laptop,Electronics,3,1082.99,3248.98,C-247
T-64730,2025-12-08,Smartwatch,Wearables,1,1340.13,1340.13,C-869
T-53768,2025-12-18,Smartwatch,Wearables,2,483.03,966.06,C-126
T-62696,2025-10-18,Tablet,Electronics,5,616.65,3083.24,C-962
T-71332,2025-10-13,Smartwatch,Wearables,1,1265.21,1265.21,C-328
T-91272,2025-11-12,Tablet,Electronics,3,1473.81,4421.43,C-309
T-31031,2025-12-20,Smartwatch,Wearables,1,254.98,254.98,C-445
T-41242,2025-11-27,Laptop,Electronics,1,1148.61,1148.61,C-268
T-12290,2025-11-14,Smartphone,Electronics,5,86.61,433.03,C-959
T-33631,2025-11-08,Smartwatch,Wearables,1,751.97,751.97,C-115
T-53791,2025-12-01,Laptop,Electronics,5,395.79,1978.95,C-892
T-64502,2025-10-22,Tablet,Electronics,2,956.6,1913.21,C-503
T-75083,2025-11-13,Smartphone,Electronics,4,761.46,3045.83,C-724
T-68544,2025-11-03,Smartwatch,Wearables,1,872.53,872.53,C-988
T-15344,2025-11-02,Smartphone,Electronics,3,242.08,726.25,C-711
T-65137,2025-10-28,Headphones,Audio,5,922.17,4610.83,C-660
T-66301,2025-11-04,Tablet,Electronics,5,1488.44,7442.21,C-617
T-83087,2026-01-09,Laptop,Electronics,3,415.93,1247.8,C-578
T-15412,2025-12-15,Headphones,Audio,3,1374.26,4122.79,C-532
T-21648,2025-10-19,Laptop,Electronics,5,919.64,4598.22,C-243
T-40687,2025-12-11,Laptop,Electronics,1,1049.6,1049.6,C-954
T-17781,2026-01-01,Tablet,Electronics,2,1490.16,2980.32,C-753
T-96796,2025-11-29,Headphones,Audio,2,1497.4,2994.8,C-425
T-50174,2025-10-17,Smartwatch,Wearables,1,72.18,72.18,C-651
T-81528,2025-11-06,Smartwatch,Wearables,5,985.77,4928.83,C-855
T-57639,2026-01-11,Laptop,Electronics,1,404.57,404.57,C-797
T-47139,2025-10-20,Laptop,Electronics,4,571.25,2284.99,C-893
T-41962,2025-12-07,Laptop,Electronics,3,124.1,372.31,C-439
T-48911,2025-12-14,Smartwatch,Wearables,3,1321.36,3964.09,C-118
T-77452,2026-01-10,Laptop,Electronics,3,1011.11,3033.34,C-684
T-12568,2025-11-25,Laptop,Electronics,1,1382.35,1382.35,C-506
T-24676,2025-10-14,Laptop,Electronics,4,777.14,3108.58,C-872
T-46248,2025-12-11,Smartphone,Electronics,1,756.81,756.81,C-461
T-21398,2026-01-14,Smartwatch,Wearables,3,288.96,866.88,C-758
T-52506,2026-01-08,Tablet,Electronics,4,936.4,3745.6,C-258
T-94571,2026-01-15,Laptop,Electronics,4,610.74,2442.95,C-858
T-61356,2026-01-05,Smartphone,Electronics,3,1369.27,4107.8,C-492
T-96016,2026-01-08,Smartphone,Electronics,3,1351.88,4055.63,C-845
T-32078,2025-12-12,Headphones,Audio,2,927.26,1854.52,C-340
T-45372,2025-11-03,Smartwatch,Wearables,3,842.65,2527.94,C-503
T-23139,2026-01-05,Laptop,Electronics,5,1031.41,5157.05,C-433
T-97197,2025-10-13,Smartwatch,Wearables,1,188.6,188.6,C-872
T-87330,2025-12-20,Smartwatch,Wearables,3,696.05,2088.14,C-291
T-65856,2025-12-11,Smartwatch,Wearables,1,703.45,703.45,C-934
T-72831,2025-10-19,Smartwatch,Wearables,5,489.59,2447.94,C-883
T-40641,2025-12-01,Smartphone,Electronics,3,1250.55,3751.64,C-619
T-22846,2026-01-01,Laptop,Electronics,3,1187.97,3563.9,C-472
T-82362,2025-11-07,Smartwatch,Wearables,4,690.04,2760.14,C-297
T-76221,2025-12-23,Smartwatch,Wearables,2,1090.09,2180.18,C-191
T-73550,2025-10-15,Tablet,Electronics,3,773.49,2320.48,C-740
T-19556,2025-12-20,Tablet,Electronics,4,486.61,1946.43,C-950
T-74667,2025-12-11,Headphones,Audio,1,423.13,423.13,C-385
T-64549,2025-12-08,Tablet,Electronics,1,1383.2,1383.2,C-169
T-71232,2025-12-19,Smartphone,Electronics,4,472.94,1891.77,C-980
T-16351,2025-10-22,Smartphone,Electronics,4,602.83,2411.31,C-516
T-70255,2025-10-29,Headphones,Audio,3,366.88,1100.65,C-235
T-90714,2025-12-15,Smartwatch,Wearables,1,928.63,928.63,C-793
T-81278,2025-12-22,Smartphone,Electronics,5,136.72,683.58,C-557
T-73174,2026-01-17,Tablet,Electronics,3,250.88,752.65,C-372
T-64689,2025-11-22,Smartwatch,Wearables,5,1087.98,5439.91,C-595
T-10857,2025-10-30,Laptop,Electronics,3,1460.06,4380.18,C-254
T-76598,2026-01-18,Headphones,Audio,3,635.43,1906.3,C-761
T-81506,2025-10-23,Smartphone,Electronics,2,208.78,417.57,C-102
T-94171,2025-12-29,Smartphone,Electronics,1,403.92,403.92,C-410
T-57867,2025-12-02,Smartphone,Electronics,2,620.4,1240.8,C-118
T-60230,2026-01-04,Smartwatch,Wearables,1,391.82,391.82,C-588
T-22646,2025-12-30,Headphones,Audio,3,724.28,2172.83,C-704
T-43463,2025-11-08,Headphones,Audio,5,1321.2,6605.98,C-371
T-78738,2025-10-26,Headphones,Audio,4,176.18,704.73,C-165
T-68253,2025-12-05,Smartphone,Electronics,4,175.21,700.85,C-897
T-38674,2025-10-14,Tablet,Electronics,2,441.59,883.18,C-614
T-65976,2026-01-05,Headphones,Audio,4,1223.2,4892.78,C-706
T-64349,2025-12-29,Smartwatch,Wearables,2,506.41,1012.81,C-418
T-49658,2025-12-23,Smartphone,Electronics,4,1098.19,4392.76,C-338
T-30335,2026-01-06,Smartphone,Electronics,5,501.63,2508.15,C-959
T-91523,2025-10-27,Tablet,Electronics,1,1180.14,1180.14,C-398
T-59912,2025-11-01,Smartwatch,Wearables,4,930.73,3722.93,C-785
T-41800,2025-12-17,Tablet,Electronics,5,1465.67,7328.35,C-247
T-11745,2025-12-14,Tablet,Electronics,4,1219.4,4877.58,C-798
T-26699,2026-01-09,Smartwatch,Wearables,4,451.87,1807.47,C-280
T-30744,2025-12-30,Tablet,Electronics,1,640.7,640.7,C-784
T-80249,2025-10-16,Smartphone,Electronics,2,1407.43,2814.86,C-886
T-37378,2025-12-23,Laptop,Electronics,4,195.35,781.41,C-433
T-56701,2025-12-17,Tablet,Electronics,5,1265.33,6326.64,C-595
T-50637,2026-01-05,Smartwatch,Wearables,5,1087.51,5437.53,C-181
T-96149,2025-12-11,Headphones,Audio,3,1150.09,3450.27,C-817
T-76574,2025-12-13,Smartwatch,Wearables,3,890.19,2670.56,C-826
T-27537,2025-10-17,Tablet,Electronics,1,593.86,593.86,C-167
T-97851,2025-12-01,Headphones,Audio,3,134.86,404.59,C-551
T-92927,2026-01-01,Laptop,Electronics,1,542.2,542.2,C-828
T-65800,2025-12-02,Smartwatch,Wearables,4,613.42,2453.66,C-624
T-40632,2025-10-25,Laptop,Electronics,4,58.72,234.87,C-215
T-60518,2025-12-22,Smartphone,Electronics,4,1352.01,5408.03,C-677
T-16560,2025-12-10,Tablet,Electronics,2,961.45,1922.9,C-578
T-78406,2025-11-29,Headphones,Audio,3,1009.65,3028.96,C-233
T-15818,2026-01-08,Smartphone,Electronics,3,959.82,2879.45,C-571
T-39972,2025-11-05,Smartphone,Electronics,4,1377.64,5510.56,C-717
T-81871,2026-01-02,Smartphone,Electronics,1,650.9,650.9,C-895
T-45121,2025-11-15,Laptop,Electronics,5,1169.17,5845.84,C-497
T-29005,2025-10-24,Headphones,Audio,2,1046.46,2092.93,C-446
T-92939,2025-12-16,Smartphone,Electronics,3,702.96,2108.88,C-935
T-41185,2026-01-07,Smartphone,Electronics,4,1311.22,5244.88,C-298
T-44944,2025-12-30,Headphones,Audio,5,156.34,781.72,C-902
T-27264,2025-11-17,Laptop,Electronics,2,909.16,1818.32,C-117
T-97332,2026-01-13,Smartphone,Electronics,5,869.79,4348.96,C-947
T-63656,2025-12-02,Tablet,Electronics,2,1249.7,2499.41,C-608
T-79309,2025-11-04,Tablet,Electronics,5,1227.24,6136.21,C-488
T-64947,2025-11-25,Laptop,Electronics,3,133.74,401.21,C-440
T-34891,2025-12-15,Headphones,Audio,2,90.02,180.05,C-728
T-17047,2025-12-08,Smartphone,Electronics,2,600.46,1200.93,C-562
T-93613,2025-11-16,Tablet,Electronics,4,70.89,283.58,C-560
T-14085,2025-12-12,Tablet,Electronics,4,1363.39,5453.55,C-131
T-72714,2025-12-18,Smartwatch,Wearables,3,913.03,2739.09,C-387
T-94445,2026-01-13,Headphones,Audio,2,1211.22,2422.45,C-132
T-79437,2025-11-21,Laptop,Electronics,2,760.12,1520.23,C-326
T-22749,2025-12-23,Tablet,Electronics,4,1412.06,5648.26,C-203
T-40611,2025-11-05,Tablet,Electronics,2,191.28,382.55,C-128
T-25773,2026-01-02,Tablet,Electronics,4,336.57,1346.27,C-451
T-53591,2026-01-18,Smartwatch,Wearables,3,998.21,2994.63,C-737
T-55281,2025-12-11,Laptop,Electronics,4,626.1,2504.4,C-868
T-39976,2025-11-05,Laptop,Electronics,5,298.83,1494.14,C-235
T-62088,2025-11-05,Smartwatch,Wearables,2,1164.37,2328.74,C-271
T-71127,2025-11-24,Headphones,Audio,5,582.02,2910.1,C-449
T-26014,2025-12-01,Smartphone,Electronics,1,1067.57,1067.57,C-559
T-76532,2025-11-11,Tablet,Electronics,2,531.35,1062.7,C-513
T-58557,2025-10-29,Smartwatch,Wearables,2,748.41,1496.81,C-477
T-63539,2026-01-15,Smartphone,Electronics,1,611.46,611.46,C-222
T-44608,2025-12-21,Smartphone,Electronics,5,468.05,2340.24,C-281
T-59592,2025-10-17,Smartphone,Electronics,3,594.84,1784.53,C-628
T-75296,2025-12-25,Smartwatch,Wearables,4,427.72,1710.87,C-723
T-11522,2025-11-03,Tablet,Electronics,3,504.57,1513.72,C-847
T-24059,2025-12-10,Smartwatch,Wearables,4,1032.25,4129.01,C-707
T-94670,2025-10-14,Smartwatch,Wearables,4,1358.7,5434.81,C-905
